#CHROM,POS,ID,REF,ALT,INFO,p-value,-log10pval,Avr_acc(%),Acc_WT(%),Acc_MUT(%),Avr_acc_pes(%),Acc_pes_WT(%),Acc_pes_MUT(%),Comb_acc(%),Comb_acc_pes(%),Missing_gen(%),Count_ref,Count_alt,Ref_phen_for_Acc,Missing_gen_for_WT(%),Missing_gen_for_MUT_(%),Missing_phen(%),Count_WT,Count_MUT,dist_to_position,point
13,18211337,ss715615969,A,NA,strand=+;assembly=NA;center=NA;protLSID=NA;assayLSID=NA;panelLSID=NA;QCcode=NA,0.0,9.28,87.47,97.62,77.32,87.07,97.62,76.53,83.45,78.91,0.68,66,80,WT,0.0,1.0204081632653061,4.76,42,98,0.0,"13,18211337"
13,17307263,ss715616658,T,NA,strand=+;assembly=NA;center=NA;protLSID=NA;assayLSID=NA;panelLSID=NA;QCcode=NA,0.0,8.68,85.48,97.56,73.4,82.82,95.24,70.41,80.74,74.15,3.4,68,74,WT,2.38,4.081632653061225,4.76,42,98,904074.0,"13,18211337"
13,17007724,ss715616704,T,NA,strand=+;assembly=NA;center=NA;protLSID=NA;assayLSID=NA;panelLSID=NA;QCcode=NA,0.0,8.64,85.03,83.33,86.73,85.03,83.33,86.73,85.71,81.63,0.0,52,95,WT,0.0,0.0,4.76,42,98,1203613.0,"13,18211337"
13,17309969,ss715616657,A,NA,strand=+;assembly=NA;center=NA;protLSID=NA;assayLSID=NA;panelLSID=NA;QCcode=NA,0.0,8.62,84.89,97.62,72.16,84.52,97.62,71.43,79.86,75.51,0.68,71,75,WT,0.0,1.0204081632653061,4.76,42,98,901368.0,"13,18211337"
13,18327972,ss715615785,C,NA,strand=+;assembly=NA;center=NA;protLSID=NA;assayLSID=NA;panelLSID=NA;QCcode=NA,0.0,8.38,81.29,95.24,67.35,81.29,95.24,67.35,75.71,72.11,0.0,75,72,WT,0.0,0.0,4.76,42,98,116635.0,"13,18211337"
13,17019407,ss715616702,C,NA,strand=+;assembly=NA;center=NA;protLSID=NA;assayLSID=NA;panelLSID=NA;QCcode=NA,1e-08,8.06,81.88,78.05,85.71,80.95,76.19,85.71,83.45,78.91,0.68,50,96,WT,2.38,0.0,4.76,42,98,1191930.0,"13,18211337"
13,18046553,ss715616090,T,NA,strand=+;assembly=NA;center=NA;protLSID=NA;assayLSID=NA;panelLSID=NA;QCcode=NA,2e-08,7.72,85.46,95.12,75.79,83.16,92.86,73.47,81.62,75.51,2.72,65,78,WT,2.38,3.061224489795918,4.76,42,98,164784.0,"13,18211337"
13,18195098,ss715615994,T,NA,strand=+;assembly=NA;center=NA;protLSID=NA;assayLSID=NA;panelLSID=NA;QCcode=NA,1.2e-07,6.94,83.68,97.56,69.79,81.8,95.24,68.37,78.1,72.79,2.04,72,72,WT,2.38,2.0408163265306123,4.76,42,98,16239.0,"13,18211337"
13,18159747,ss715616020,T,NA,strand=+;assembly=NA;center=NA;protLSID=NA;assayLSID=NA;panelLSID=NA;QCcode=NA,2.8e-07,6.55,83.89,97.56,70.21,81.29,95.24,67.35,78.52,72.11,3.4,71,71,WT,2.38,4.081632653061225,4.76,42,98,51590.0,"13,18211337"
13,18248678,ss715615894,G,NA,strand=+;assembly=NA;center=NA;protLSID=NA;assayLSID=NA;panelLSID=NA;QCcode=NA,7.5e-07,6.13,84.01,97.62,70.41,84.01,97.62,70.41,78.57,74.83,0.0,73,74,WT,0.0,0.0,4.76,42,98,37341.0,"13,18211337"
13,18561540,ss715615502,A,NA,strand=+;assembly=NA;center=NA;protLSID=NA;assayLSID=NA;panelLSID=NA;QCcode=NA,1.11e-06,5.95,80.61,95.24,65.98,80.27,95.24,65.31,74.82,70.75,0.68,76,70,WT,0.0,1.0204081632653061,4.76,42,98,350203.0,"13,18211337"
13,18149386,ss715616027,T,NA,strand=+;assembly=NA;center=NA;protLSID=NA;assayLSID=NA;panelLSID=NA;QCcode=NA,1.26e-06,5.9,81.93,97.56,66.3,78.74,95.24,62.24,75.94,68.71,4.76,74,66,WT,2.38,6.122448979591836,4.76,42,98,61951.0,"13,18211337"
13,18567932,ss715615487,T,NA,strand=+;assembly=NA;center=NA;protLSID=NA;assayLSID=NA;panelLSID=NA;QCcode=NA,1.64e-06,5.79,80.09,95.24,64.95,79.76,95.24,64.29,74.1,70.07,0.68,77,69,WT,0.0,1.0204081632653061,4.76,42,98,356595.0,"13,18211337"
13,18156952,ss715616023,G,NA,strand=+;assembly=NA;center=NA;protLSID=NA;assayLSID=NA;panelLSID=NA;QCcode=NA,5.77e-06,5.24,83.35,97.62,69.07,82.99,97.62,68.37,77.7,73.47,0.68,74,72,WT,0.0,1.0204081632653061,4.76,42,98,54385.0,"13,18211337"
13,18179590,ss715616008,C,NA,strand=+;assembly=NA;center=NA;protLSID=NA;assayLSID=NA;panelLSID=NA;QCcode=NA,6.44e-06,5.19,83.32,97.56,69.07,81.8,95.24,68.37,77.54,72.79,1.36,73,72,WT,2.38,1.0204081632653061,4.76,42,98,31747.0,"13,18211337"
13,18132162,ss715616042,C,NA,strand=+;assembly=NA;center=NA;protLSID=NA;assayLSID=NA;panelLSID=NA;QCcode=NA,7.22e-06,5.14,82.31,97.62,67.01,81.97,97.62,66.33,76.26,72.11,0.68,76,70,WT,0.0,1.0204081632653061,4.76,42,98,79175.0,"13,18211337"
13,18194510,ss715615995,G,NA,strand=+;assembly=NA;center=NA;protLSID=NA;assayLSID=NA;panelLSID=NA;QCcode=NA,2.622e-05,4.58,83.02,97.62,68.42,81.97,97.62,66.33,77.37,72.11,2.04,74,70,WT,0.0,3.061224489795918,4.76,42,98,16827.0,"13,18211337"
13,18171146,ss715616012,T,NA,strand=+;assembly=NA;center=NA;protLSID=NA;assayLSID=NA;panelLSID=NA;QCcode=NA,4.48e-05,4.35,80.72,97.62,63.83,79.42,97.62,61.22,74.26,68.71,3.4,78,64,WT,0.0,4.081632653061225,4.76,42,98,40191.0,"13,18211337"
